Projects,1,Name,The Gender gap in the 21st Century,,,,,,,,,,,,,,,,,,,,,,,,,
,,Date,2024-05-01,,,,,,,,,,,,,,,,,,,,,,,,,
,,Class,Capstone,,,,,,,,,,,,,,,,,,,,,,,,,
,,Year,Senior Year,,,,,,,,,,,,,,,,,,,,,,,,,
,,Skills/tools,"Design Research Frameworks, InDesign, Procreate, PremierPro, p5.js, Canva",,,,,,,,,,,,,,,,,,,,,,,,,
,,Attributes,"Design Research, Strategic Design, Creative Code",,,,,,,,,,,,,,,,,,,,,,,,,
,,Subtitle,Tackling the gender gap in tech through the lense of computer science education in hopes of expanding young girls' field of opportunities and ultimately driving the necessary change in tech.,,,,,,,,,,,,,,,,,,,,,,,,,
,,Cover Image,cover.png,,,,,,,,,,,,,,,,,,,,,,,,,
,,Project Link,https://www.parsonsbba.com/sp24-studentprojects-1/computers%2B%2B,,,,,,,,,,,,,,,,,,,,,,,,,
,,Web Content,1,Block title,Computers++,,,,,,,,,,,,,,,,,,,,,,,
,,,,Images,1.jpg,,,,,,,,,,,,,,,,,,,,,,,
,,,,Paragraph,"Computers++ is a social media campaign that highlights the achievements of female computer scientists through short videos. With enthusiastic participation from women in the field eager for recognition and a change in workplace dynamics, this campaign spotlights their inspiring projects and positions them as role models. By showcasing these endeavors, I aimed to change how thousands of high school girls perceive computer science. The initiative encourages them to explore the field and the many opportunities available through schools, after-school clubs, organizations, and government programs.",,,,,,,,,,,,,,,,,,,,,,,
,,,2,Block title,Challenge,,,,,,,,,,,,,,,,,,,,,,,
,,,,Images,2.png,,,,,,,,,,,,,,,,,,,,,,,
,,,,Paragraph,"The Gender Gap in Tech through the 21st century delves into the intricate landscape of computer science education, aiming to devise an innovative strategy capable of effecting the necessary change that current initiatives have thus far failed to achieve. Given the entrenched role of stereotypes in erecting barriers to entry into the field over many years, the primary objective is to dismantle these stigmas and societal misconceptions surrounding computer science, while highlighting its expansive creativity and versatility. To accomplish this, Computers++ serves as a social media campaign platform, designed to bridge the gap between the breadth of opportunities within the field and the participation of female students.",,,,,,,,,,,,,,,,,,,,,,,
,,,3,Block title,Enrollment,,,,,,,,,,,,,,,,,,,,,,,
,,,,Images,"3.png, 4.png",,,,,,,,,,,,,,,,,,,,,,,
,,,,Paragraph,,,,,,,,,,,,,,,,,,,,,,,,
,,,4,Block title,Research ,,,,,,,,,,,,,,,,,,,,,,,
,,,,Images,5.jpg,,,,,,,,,,,,,,,,,,,,,,,
,,,,Paragraph,"My research began by familiarizing myself with the background of computer science, and getting a clearer view of the current state of the problem. Even in an age of technology, where every industry relies on computer science in one way or another, the number of computer science degrees conferred to women in the US is still only [20%]. That is almost half of what it was in the 1980's. And though there are so many initiatives, government organizations, private organizations, funding and much more, being thrown at the problem. Clearly, It is not reaching the indented audience. Though there are many underlying factors that have contributed to this like curriculums; both computer scientists and educators of the subject agree that the number one cause for this are those ever-present stigmas and stereotypes that surround computer science. Moreover though, it is contributing to a gap that continues to grow in research and development in areas that rely on the contribution from computer scientists. Because of the lack of female representation, they are not pushing for development in these areas of research such as: artificial intelligence, healthcare, and so much more",,,,,,,,,,,,,,,,,,,,,,,
,,,5,Block title,Define,,,,,,,,,,,,,,,,,,,,,,,
,,,,Images,6.heic,,,,,,,,,,,,,,,,,,,,,,,
,,,,Paragraph,"Through interviews with teachers, after school program leaders, students, and so much more; I derived 3 key insights: increase participation overall in Computer Science, foster Engagement, and eliminate stereotypes around computer science, gender and success.These led me to my specified research question on which to base my concept: How might we approach CS education in a more creative way, that increases participation, fosters engagement, and forgoes stereotypes and societal stigmas surrounding computer science and success?",,,,,,,,,,,,,,,,,,,,,,,
,,,6,Block title,Areas of Opportunity,,,,,,,,,,,,,,,,,,,,,,,
,,,,Images,"7.png, 8.png",,,,,,,,,,,,,,,,,,,,,,,
,,,,Paragraph,,,,,,,,,,,,,,,,,,,,,,,,
,,,7,Block title,Ideate,,,,,,,,,,,,,,,,,,,,,,,
,,,,Images,9.pdf,,,,,,,,,,,,,,,,,,,,,,,
,,,,Paragraph,"The ideation process began by creating several workshops in which I derived useful contributions from students and stakeholders on how to begin to approach this topic. However, in knowing just how many organizations and initiatives have been attempting to tackle this issue by creating community and organizations, I was in search of a different solution. It was through one of those particular workshops that someone suggested: ""It seems like we just need to change those stereotypes through a campaign in order to start to create that change”. Essentially changing the way we view computer science as a society to eliminate those barriers.",,,,,,,,,,,,,,,,,,,,,,,
,,,8,Block title,Frameworks,,,,,,,,,,,,,,,,,,,,,,,
,,,,Images,"10.jpg, 11.jpg",,,,,,,,,,,,,,,,,,,,,,,
,,,,Paragraph,,,,,,,,,,,,,,,,,,,,,,,,
,,,9,Block title,Prototype,,,,,,,,,,,,,,,,,,,,,,,
,,,,Images,"13.png, 14.png",,,,,,,,,,,,,,,,,,,,,,,
,,,,Paragraph,"Within the span of a 4 week testing period, there were three main things that needed to be tested: Channel: How to best reach the desired market?, Narrative: What is the narrative that we are telling the students that will convince them to try computer science?, and Format/business Model: How will this campaign evolve? with this in mind, I created 4 weeks worth of content of iterations to measure response.",,,,,,,,,,,,,,,,,,,,,,,
,,,10,Block title,User Testing,,,,,,,,,,,,,,,,,,,,,,,
,,,,Images,15.PNG,,,,,,,,,,,,,,,,,,,,,,,
,,,,Paragraph,"Within the first week, and just a $10 dollar investment, the platform reached 3.5k views and a 75% Click through rate. However, it is crucial to keep working and explore how to take the analytics to build the next iterations. During a conversation I had with Rich Silverstein, CEO of Goodby & Silverstein, he relayed the importance of 3 things in advertising to tell a story that is captivating: Personal, Network: Not only one person but as many as possible (perspectives), and Story arc: having something negative in search for a resolution.",,,,,,,,,,,,,,,,,,,,,,,
,,,11,Block title,User testing results,,,,,,,,,,,,,,,,,,,,,,,
,,,,Images,"16.jpg, 17.jpg, 18.jpg",,,,,,,,,,,,,,,,,,,,,,,
,,,,Paragraph,,,,,,,,,,,,,,,,,,,,,,,,
,,,12,Block title,Ready for Implementation,,,,,,,,,,,,,,,,,,,,,,,
,,,,Images,19.pdf,,,,,,,,,,,,,,,,,,,,,,,
,,,,Paragraph,"CapCut Templates, navigating TikTok .gif",,,,,,,,,,,,,,,,,,,,,,,
,,,13,Block title,"Project images, branding, mockups",,,,,,,,,,,,,,,,,,,,,,,
,,,,Images,"20.jpg, 21.jpg, 22.jpg, 23.png. 24.jpg",,,,,,,,,,,,,,,,,,,,,,,
,,,,Paragraph,,,,,,,,,,,,,,,,,,,,,,,,
,,,14,Block title,Video,,,,,,,,,,,,,,,,,,,,,,,
,,,,Images,video.mp4,,,,,,,,,,,,,,,,,,,,,,,
,,,,Paragraph,,,,,,,,,,,,,,,,,,,,,,,,
,2,Name,Interactive Travel Journal,,,,,,,,,,,,,,,,,,,,,,,,,
,,Date,2024-02-01,,,,,,,,,,,,,,,,,,,,,,,,,
,,Class,Communication Design Studio: Javascript,,,,,,,,,,,,,,,,,,,,,,,,,
,,Year,Senior Year,,,,,,,,,,,,,,,,,,,,,,,,,
,,Skills/tools,"JavaScript, Procreate, jQuery, Illustrator, HTML, CSS",,,,,,,,,,,,,,,,,,,,,,,,,
,,Attributes,"JavaScript, Creative code, Web, Interactive",,,,,,,,,,,,,,,,,,,,,,,,,
,,Subtitle,"Discover the world in two tones: Click, hover, explore!",,,,,,,,,,,,,,,,,,,,,,,,,
,,Cover Image,cover.png,,,,,,,,,,,,,,,,,,,,,,,,,
,,Project Link,,,,,,,,,,,,,,,,,,,,,,,,,,
,,Web Content,1,Block title,Objective,,,,,,,,,,,,,,,,,,,,,,,
,,,,Images,,,,,,,,,,,,,,,,,,,,,,,,
,,,,Paragraph,"My main goal with this project was to create an interactive platform that could visually showcase my collection of digital postcards from years of travel. I wanted to turn this assortment of memories into an engaging experience where users could virtually follow my journey by exploring different destinations on a world map. By delving into interactive web design, I aimed to transform static images into a dynamic narrative, offering both myself and users a captivating way to reminisce about past adventures.",,,,,,,,,,,,,,,,,,,,,,,
,,,2,Block title,Research/Insights,,,,,,,,,,,,,,,,,,,,,,,
,,,,Images,,,,,,,,,,,,,,,,,,,,,,,,
,,,,Paragraph,"I spent time researching various interactive web design techniques, data visualization methods, and user experience principles to inform the development of the project. I explored existing travel websites, interactive maps, and data visualization projects to gather insights into effective design patterns and functionalities. Additionally, I studied user behavior on similar platforms to refine the project's concept and ensure a user-friendly browsing experience.",,,,,,,,,,,,,,,,,,,,,,,
,,,3,Block title,Outcome,,,,,,,,,,,,,,,,,,,,,,,
,,,,Images,,,,,,,,,,,,,,,,,,,,,,,,
,,,,Paragraph,"The outcome of the project exceeded my initial expectations, delivering a visually engaging platform that seamlessly combined visual storytelling with interactive elements. Through the dynamic world map interface, users could navigate through different destinations, immersing themselves in my travel experiences with each hover and click. The project not only served as a stunning showcase for my digital postcard collection but also fostered a sense of connection and exploration, allowing users to virtually join me on my adventures around the globe.",,,,,,,,,,,,,,,,,,,,,,,
,,,4,Block title,Initial Wireframes,,,,,,,,,,,,,,,,,,,,,,,
,,,,iframe,https://www.figma.com/proto/vL8yejOhgRx2tUgF8b6fJZ/Wireframe-Changing-States?kind=proto&node-id=1-2&page-id=0%3A1&scaling=contain&starting-point-node-id=1%3A2&t=aYtkCsIlBq4ZF56H-1&type=design,,,,,,,,,,,,,,,,,,,,,,,
,,,,Images,,,,,,,,,,,,,,,,,,,,,,,,
,,,,Paragraph,,,,,,,,,,,,,,,,,,,,,,,,
,,,5,Block title,Final Site,,,,,,,,,,,,,,,,,,,,,,,
,,,,Images,video.mov,,,,,,,,,,,,,,,,,,,,,,,
,,,,Paragraph,,,,,,,,,,,,,,,,,,,,,,,,
,3,Name,The Gender Gap in Tech through Data,,,,,,,,,,,,,,,,,,,,,,,,,
,,Date,2023-12-01,,,,,,,,,,,,,,,,,,,,,,,,,
,,Class,Code Toolkit: Python,,,,,,,,,,,,,,,,,,,,,,,,,
,,Year,Senior Year,,,,,,,,,,,,,,,,,,,,,,,,,
,,Skills/tools,"Python, Processing",,,,,,,,,,,,,,,,,,,,,,,,,
,,Attributes,"Python, Creative Code, Interactive, Data Viz",,,,,,,,,,,,,,,,,,,,,,,,,
,,Subtitle,Revealing the reality of the gender gap in tech education using visually stunning data sets to inspire change and challenge misconceptions about creativity in coding,,,,,,,,,,,,,,,,,,,,,,,,,
,,Cover Image,cover.png,,,,,,,,,,,,,,,,,,,,,,,,,
,,Project Link,,,,,,,,,,,,,,,,,,,,,,,,,,
,,Web Content,1,Block title,Data,,,,,,,,,,,,,,,,,,,,,,,
,,,,Images,,,,,,,,,,,,,,,,,,,,,,,,
,,,,Paragraph,NYC Department of Education,,,,,,,,,,,,,,,,,,,,,,,
,,,2,Block title,Objective,,,,,,,,,,,,,,,,,,,,,,,
,,,,Images,,,,,,,,,,,,,,,,,,,,,,,,
,,,,Paragraph,"Whilst carrying out research for my thesis project about the gender gap in tech, I've collected large sets of shocking data revealing just how prominent the gender gap is across the US during high school level. Though it was very revealing for my project, I was not able to showcase it. My hope with this project is that if a greater audience is aware and able to interact with these visualizations, they too will want to help create a difference.",,,,,,,,,,,,,,,,,,,,,,,
,,,3,Block title,Research/Insights,,,,,,,,,,,,,,,,,,,,,,,
,,,,Images,,,,,,,,,,,,,,,,,,,,,,,,
,,,,Paragraph,"Most of this data demonstrates just how little impact initiatives are having on getting more students, particularly females, to join computer science classrooms to diversify the student population and hopefully change the field for the better. Even in an era where kids are growing up surrounded by technology, there is still very little interest in discovering how the world of tech that surrounds us works.",,,,,,,,,,,,,,,,,,,,,,,
,,,4,Block title,Outcome,,,,,,,,,,,,,,,,,,,,,,,
,,,,Images,,,,,,,,,,,,,,,,,,,,,,,,
,,,,Paragraph,"Greatly inspired by the 'Dear Data' postcards by Stefanie Posavec and Giorgia Lupi, my intention was to create visually interesting and creative data visualizations, that not only captivate the audience but create a sense of intrigue. Additionally, there is a huge misconception about the aspect of creativity through code, which I hope to somewhat demystify through my work. The irony behind this project is even further highlighted by the fact that it is a creative coding project, that is simple, and executed by a female coder.",,,,,,,,,,,,,,,,,,,,,,,
,,,5,Block title,Final Data Postcards,,,,,,,,,,,,,,,,,,,,,,,
,,,,Images,"data-1.gif, data-2.gif, data-3.gif, data-4.gif",,,,,,,,,,,,,,,,,,,,,,,
,,,,Paragraph,,,,,,,,,,,,,,,,,,,,,,,,
,4,Name,Autobiographical Game,,,,,,,,,,,,,,,,,,,,,,,,,
,,Date,2023-11-01,,,,,,,,,,,,,,,,,,,,,,,,,
,,Class,Critical Computation,,,,,,,,,,,,,,,,,,,,,,,,,
,,Year,Senior Year,,,,,,,,,,,,,,,,,,,,,,,,,
,,Skills/tools,"p5.js, Procreate, Photoshop",,,,,,,,,,,,,,,,,,,,,,,,,
,,Attributes,"Creative Code, Interactive",,,,,,,,,,,,,,,,,,,,,,,,,
,,Subtitle,Indy-style game about the familiar childhood rhythm of shuttling between divorced parents’ homes where every few days becomes a bitter routine of memories and essentials,,,,,,,,,,,,,,,,,,,,,,,,,
,,Cover Image,cover.jpg,,,,,,,,,,,,,,,,,,,,,,,,,
,,Project Link,https://anabombin.github.io/PackYourLife/,,,,,,,,,,,,,,,,,,,,,,,,,
,,Web Content,1,Block title,Objective,,,,,,,,,,,,,,,,,,,,,,,
,,,,Images,,,,,,,,,,,,,,,,,,,,,,,,
,,,,Paragraph,"This autobiographical game attempts to recreate the same feeling I felt since the age of 10, when every couple of days, I would have to pack a suitcase to bring from one of my parents' houses to the other. It is an experience that most children of divorced parents share when on top of all of their regular routines, you have to pack up all your belongings that you will need for the next week into a suitcase, hoping that you don't forget anything.",,,,,,,,,,,,,,,,,,,,,,,
,,,2,Block title,Research/Insights,,,,,,,,,,,,,,,,,,,,,,,
,,,,Images,,,,,,,,,,,,,,,,,,,,,,,,
,,,,Paragraph,"The idea that the user could win the game by placing all items in the suitcase defeated the purpose of showcasing the struggle of trying to remember to pack everything one may need. I don't think that there was a single time that I didn't forget at least one item. Coupled with the odd-shaped clothing that would be quite complex to make collisions, the objective changed to making the player try to put as many items in the suitcase under time constraints in no specific order. By making the time constraint be too difficult to ever successfully complete the game or the scene, I am attempting to recreate the frustration experienced when you know that no matter how much you plan in advance, you will always forget to pack something",,,,,,,,,,,,,,,,,,,,,,,
,,,3,Block title,Outcome,,,,,,,,,,,,,,,,,,,,,,,
,,,,Images,,,,,,,,,,,,,,,,,,,,,,,,
,,,,Paragraph,"Though the final gameplay shifted quite a bit from its original design, the feeling of frustration is achieved and the message is also conveyed. Pack your life, with a child-like aesthetic and chaotic scene and asset design, successfully takes players on a journey to discover the bitter memories and feelings experienced by children of divorce. Though the payer is free to discover each step of the game as they please, after several unsuccessful attempts at either game will undoubtedly generate that familiar feeling of frustration. Hence, the addition of a ""zone-out"" scene in which players can release those pent-up emotions and give the games another try.",,,,,,,,,,,,,,,,,,,,,,,
,,,4,Block title,Video,,,,,,,,,,,,,,,,,,,,,,,
,,,,Images,video.mov,,,,,,,,,,,,,,,,,,,,,,,
,,,,Paragraph,,,,,,,,,,,,,,,,,,,,,,,,
,,,5,Block title,Game Flow & Asset Design,,,,,,,,,,,,,,,,,,,,,,,
,,,,Images,"1.jpg, 2.jpg",,,,,,,,,,,,,,,,,,,,,,,
,,,,Paragraph,,,,,,,,,,,,,,,,,,,,,,,,
,5,Name,NYC Safe Transit,,,,,,,,,,,,,,,,,,,,,,,,,
,,Date,2023-05-01,,,,,,,,,,,,,,,,,,,,,,,,,
,,Class,Innovation,,,,,,,,,,,,,,,,,,,,,,,,,
,,Year,Junior Year,,,,,,,,,,,,,,,,,,,,,,,,,
,,Skills/tools,"Figma, Canva",,,,,,,,,,,,,,,,,,,,,,,,,
,,Attributes,"UX/UI, Design Research, Business",,,,,,,,,,,,,,,,,,,,,,,,,
,,Subtitle,An innovative app that attempts to solve the current issue of safety and reliability with mass transit in NYC,,,,,,,,,,,,,,,,,,,,,,,,,
,,Cover Image,cover.png,,,,,,,,,,,,,,,,,,,,,,,,,
,,Project Link,,,,,,,,,,,,,,,,,,,,,,,,,,
,,Web Content,1,Block title,Objective,,,,,,,,,,,,,,,,,,,,,,,
,,,,Images,,,,,,,,,,,,,,,,,,,,,,,,
,,,,Paragraph,"It all started by listening to friends and those around me. Every day, there are approximately 2.4 million users in the NYC subway. But also more than 600 thousand Uber or cab users every day. The New York City mass transit system is ideal for moving around such a busy city. Making transportation affordable and quick. However, many users choose to use other modes of transport every day because of their lack of safety, reliability, and ease of use. ",,,,,,,,,,,,,,,,,,,,,,,
,,,2,Block title,Research/Insights,,,,,,,,,,,,,,,,,,,,,,,
,,,,Images,,,,,,,,,,,,,,,,,,,,,,,,
,,,,Paragraph,"In the evolving landscape of Transportation Communication, recent innovations like City Mapper and Waze have revolutionized how we navigate transportation. Looking ahead, the focus is on efficiency, sustainability, and speed. The ideal solution should encourage more people to embrace public transit, prioritizing safety and connectivity. By enhancing safety measures, the use of mass transit in NYC can soar, reducing personal vehicle reliance and pollution. Our research underscores the key areas of concern: the safety and reliability of subway and bus systems, particularly for young adults using them at night.",,,,,,,,,,,,,,,,,,,,,,,
,,,3,Block title,Outcome,,,,,,,,,,,,,,,,,,,,,,,
,,,,Images,,,,,,,,,,,,,,,,,,,,,,,,
,,,,Paragraph,"NYC Safe Transit App is a comprehensive app that provides real-time, visual information on the location of trains and buses, similar to a GPS App. In the meantime, it will also keep track of every user’s location to ensure their safety at all times, even without cell phone service in underground cars. Ideally, the solution would help more users adopt the transit system and increase its use, making it the primary mode of transportation, whilst keeping",,,,,,,,,,,,,,,,,,,,,,,
,,,4,Block title,User Research,,,,,,,,,,,,,,,,,,,,,,,
,,,,Images,"1.png, 2.png",,,,,,,,,,,,,,,,,,,,,,,
,,,,Paragraph,,,,,,,,,,,,,,,,,,,,,,,,
,,,5,Block title,User Journey Map,,,,,,,,,,,,,,,,,,,,,,,
,,,,Images,3.png,,,,,,,,,,,,,,,,,,,,,,,
,,,,Paragraph,,,,,,,,,,,,,,,,,,,,,,,,
,,,6,Block title,Flow Chart,,,,,,,,,,,,,,,,,,,,,,,
,,,,Images,4.png,,,,,,,,,,,,,,,,,,,,,,,
,,,,Paragraph,,,,,,,,,,,,,,,,,,,,,,,,
,,,7,Block title,Marketing,,,,,,,,,,,,,,,,,,,,,,,
,,,,Images,cover.png,,,,,,,,,,,,,,,,,,,,,,,
,,,,Paragraph,"It seems most suitable that to reach as many people as possible, you try and approach them through a platform that has the highest number of daily users and try to capture their attention in just a couple of seconds with a simple visual and caption that tells them everything they need to know. Here is an example of an Instagram story ad with a simple caption and visual intended to grab the user’s attention. In just a few words, the caption “say caption”, tells the user all they need to know about the app.",,,,,,,,,,,,,,,,,,,,,,,
,6,Name,Collection,,,,,,,,,,,,,,,,,,,,,,,,,
,,Date,2023-01-01,,,,,,,,,,,,,,,,,,,,,,,,,
,,Class,Personal Project,,,,,,,,,,,,,,,,,,,,,,,,,
,,Year,Junior Year,,,,,,,,,,,,,,,,,,,,,,,,,
,,Skills/tools,"Figma, Photoshop",,,,,,,,,,,,,,,,,,,,,,,,,
,,Attributes,"UX/UI, Design Research, Graphic Design",,,,,,,,,,,,,,,,,,,,,,,,,
,,Subtitle,re-imagining the way we create and share memories,,,,,,,,,,,,,,,,,,,,,,,,,
,,Cover Image,cover.png,,,,,,,,,,,,,,,,,,,,,,,,,
,,Project Link,,,,,,,,,,,,,,,,,,,,,,,,,,
,,Web Content,1,Block title,Objective,,,,,,,,,,,,,,,,,,,,,,,
,,,,Images,,,,,,,,,,,,,,,,,,,,,,,,
,,,,Paragraph,"Inspired by the experiences we live and never want to forget. It is a social media app that encourages you to share all of those photos and videos from every occasion without ever having to worry about your storage space, all the while, making it much easier to organize. Furthermore, it explores the idea of posting images together with your friends as soon as you have them, rather than waiting to edit and curate every photo meticulously before showing it off to your followers.",,,,,,,,,,,,,,,,,,,,,,,
,,,2,Block title,Research/Insights,,,,,,,,,,,,,,,,,,,,,,,
,,,,Images,,,,,,,,,,,,,,,,,,,,,,,,
,,,,Paragraph,"Taking inspiration from the apps we love and use on a daily basis like What's App, Instagram, Pinterest, and more, I crafted a list of items that the Collection app had to have as well as opportunities where other apps were lacking in their features. While on What's App, users are able to create groups and share images very easily, these lose quality and often take up large amounts of space from one's device. Instagram and Pinterest give users the ability to share their images beyond a specific group but with less focus on organization. Some of the necessary features determined from my research included: an easy organization system, a section to discover new experiences, the ability to download images with good quality, and finally only sharing experiences or images as part of a group, to emphasize the app's focus on creating memories with others.",,,,,,,,,,,,,,,,,,,,,,,
,,,3,Block title,Outcome,,,,,,,,,,,,,,,,,,,,,,,
,,,,Images,,,,,,,,,,,,,,,,,,,,,,,,
,,,,Paragraph,"That is where Collection comes in! Inspired by the experiences we live and never want to forget. It is a social media app that encourages you to share all of those photos and videos from every occasion without ever having to worry about your storage space, all the while, making it much easier to organize. Furthermore, it explores the idea of posting images together with your friends as soon as you have them, rather than waiting to edit and curate every photo meticulously before showing it off to your followers.",,,,,,,,,,,,,,,,,,,,,,,
,,,4,Block title,Wireframes,,,,,,,,,,,,,,,,,,,,,,,
,,,,iframe,https://www.figma.com/design/hR7u7nrf5jLcu94MpIkiRS/Collections?node-id=0-1&t=Tof41UWVQQoWxl0X-0,,,,,,,,,,,,,,,,,,,,,,,
,,,,Images,,,,,,,,,,,,,,,,,,,,,,,,
,,,,Paragraph,"The Wireframes above take a look at the pages of the app, the architecture, and their relation to one another.",,,,,,,,,,,,,,,,,,,,,,,
,,,5,Block title,Prototype,,,,,,,,,,,,,,,,,,,,,,,
,,,,iframe,https://www.figma.com/proto/hR7u7nrf5jLcu94MpIkiRS/Collections?kind=proto&node-id=81-862&page-id=81%3A12&scaling=scale-down&starting-point-node-id=81%3A873&viewport=979%2C490%2C0.29,,,,,,,,,,,,,,,,,,,,,,,
,,,,Images,,,,,,,,,,,,,,,,,,,,,,,,
,,,,Paragraph,Feel free to navigate through this initial prototype!,,,,,,,,,,,,,,,,,,,,,,,
,7,Name,NYCItyCampus.com,,,,,,,,,,,,,,,,,,,,,,,,,
,,Date,2022-05-01,,,,,,,,,,,,,,,,,,,,,,,,,
,,Class,Communication Design Studio: Interaction,,,,,,,,,,,,,,,,,,,,,,,,,
,,Year,Sophomore Year,,,,,,,,,,,,,,,,,,,,,,,,,
,,Skills/tools,"HTML, Photoshop, CSS",,,,,,,,,,,,,,,,,,,,,,,,,
,,Attributes,"UX/UI, Web, Creative code, Graphic Design",,,,,,,,,,,,,,,,,,,,,,,,,
,,Subtitle,"Essential NYC guide for students, unlocking the best of the city with tips, discounts, and local secrets.",,,,,,,,,,,,,,,,,,,,,,,,,
,,Cover Image,cover.jpg,,,,,,,,,,,,,,,,,,,,,,,,,
,,Project Link,http://b.parsons.edu/~bomba227/parsons/final/home-wireframe.html,,,,,,,,,,,,,,,,,,,,,,,,,
,,Web Content,1,Block title,Objective,,,,,,,,,,,,,,,,,,,,,,,
,,,,Images,,,,,,,,,,,,,,,,,,,,,,,,
,,,,Paragraph,"Embarking on your journey as a newcomer in New York City can feel like stepping into an endless sea of possibilities – a multitude of places to explore, activities to dive into, sights to behold, and flavors to savor. However, there's a steep entry barrier when it comes to acquiring those local insights and establishing your foothold in this overwhelmingly vibrant city. This project's mission is to seamlessly combine these invaluable insider tips, crafting an easily navigable website that becomes your trusted companion on your way to becoming a New York City local.",,,,,,,,,,,,,,,,,,,,,,,
,,,2,Block title,Research/Insights,,,,,,,,,,,,,,,,,,,,,,,
,,,,Images,,,,,,,,,,,,,,,,,,,,,,,,
,,,,Paragraph,"While there's no shortage of one-page articles and YouTube videos dishing out tips for students navigating NYC, the ultimate insider secret lies in living and breathing this dynamic city. It's here where you unlock the true gems, connect with the right people, and master the city's intricate tapestry. Many platforms offer a blog-style approach, dissecting nightlife, apartment hunting, and dining. My vision, however, is to create an interactive map, a visual compass to help you explore NYC in relation to your campus or location.",,,,,,,,,,,,,,,,,,,,,,,
,,,3,Block title,Outcome,,,,,,,,,,,,,,,,,,,,,,,
,,,,Images,,,,,,,,,,,,,,,,,,,,,,,,
,,,,Paragraph,"My ultimate design theme takes a page from the iconic NYC subway aesthetics: a sleek black backdrop with colorful accents and clean, white Helvetica font. Offering user-friendly navigation and optimal functionality for all site content. This website is carefully crafted for college students immersed in the heartbeat of NYC and adventurous weekend explorers alike. For young adults venturing into the city, it serves as your trusty compass, connecting you with kindred spirits, enabling shared experiences, and unveiling the very best of the Big Apple, no matter your budget constraints. ",,,,,,,,,,,,,,,,,,,,,,,
,,,4,Block title,Wireframes,,,,,,,,,,,,,,,,,,,,,,,
,,,,Images,"3.jpg, 2.jpg",,,,,,,,,,,,,,,,,,,,,,,
,,,,Paragraph,,,,,,,,,,,,,,,,,,,,,,,,
,,,5,Block title,Video,,,,,,,,,,,,,,,,,,,,,,,
,,,,Images,video.mov,,,,,,,,,,,,,,,,,,,,,,,
,,,,Paragraph,,,,,,,,,,,,,,,,,,,,,,,,
,8,Name,Chiquilin Brand Publication,,,,,,,,,,,,,,,,,,,,,,,,,
,,Date,2023-05-01,,,,,,,,,,,,,,,,,,,,,,,,,
,,Class,Communication Design Studio: Systems for Brands,,,,,,,,,,,,,,,,,,,,,,,,,
,,Year,Junior Year,,,,,,,,,,,,,,,,,,,,,,,,,
,,Skills/tools,"Photoshop, RISO Print, InDesign",,,,,,,,,,,,,,,,,,,,,,,,,
,,Attributes,"Branding, Graphic Design",,,,,,,,,,,,,,,,,,,,,,,,,
,,Subtitle,,,,,,,,,,,,,,,,,,,,,,,,,,
,,Cover Image,cover.png,,,,,,,,,,,,,,,,,,,,,,,,,
,,Project Link,,,,,,,,,,,,,,,,,,,,,,,,,,
,,Web Content,1,Block title,Objective,,,,,,,,,,,,,,,,,,,,,,,
,,,,Images,Poster,,,,,,,,,,,,,,,,,,,,,,,
,,,,Paragraph,"As part of my systems for brands class, we were asked to create a publication that explores notions of the brand through investigative cropping. The publication's compositional crops were then used to create a poster as seen on the left. The composition is based on a Spanish cookie brand (Chiquilin) and its parent company (Artiach). Below is a scan of the original box where all the images were pulled, alongside the publication.",,,,,,,,,,,,,,,,,,,,,,,
,,,2,Block title,Publication,,,,,,,,,,,,,,,,,,,,,,,
,,,,Images,"1.jpg, 2.jpg",,,,,,,,,,,,,,,,,,,,,,,
,,,,Paragraph,,,,,,,,,,,,,,,,,,,,,,,,
,,,3,Block title,Video,,,,,,,,,,,,,,,,,,,,,,,
,,,,Images,video.mov,,,,,,,,,,,,,,,,,,,,,,,
,,,,Paragraph,,,,,,,,,,,,,,,,,,,,,,,,
,9,Name,COCOtering Rebrand,,,,,,,,,,,,,,,,,,,,,,,,,
,,Date,2023-01-01,,,,,,,,,,,,,,,,,,,,,,,,,
,,Class,Personal Project,,,,,,,,,,,,,,,,,,,,,,,,,
,,Year,Junior Year,,,,,,,,,,,,,,,,,,,,,,,,,
,,Skills/tools,"Photoshop, InDesign",,,,,,,,,,,,,,,,,,,,,,,,,
,,Attributes,"Branding, Graphic Design",,,,,,,,,,,,,,,,,,,,,,,,,
,,Subtitle,,,,,,,,,,,,,,,,,,,,,,,,,,
,,Cover Image,cover.png,,,,,,,,,,,,,,,,,,,,,,,,,
,,Project Link,,,,,,,,,,,,,,,,,,,,,,,,,,
,,Web Content,1,Block title,Rebrand,,,,,,,,,,,,,,,,,,,,,,,
,,,,Images,1.png,,,,,,,,,,,,,,,,,,,,,,,
,,,,Paragraph,"Aside from the official logo seen at the top, the company needed a more simplified version of the logo where the name was still identifiable, but simple enough to put on napkins, etc.",,,,,,,,,,,,,,,,,,,,,,,
,10,Name,Hitchcock Posters,,,,,,,,,,,,,,,,,,,,,,,,,
,,Date,2022-12-01,,,,,,,,,,,,,,,,,,,,,,,,,
,,Class,Communication Design Studio: Typography,,,,,,,,,,,,,,,,,,,,,,,,,
,,Year,Junior Year,,,,,,,,,,,,,,,,,,,,,,,,,
,,Skills/tools,"Photoshop, InDesign, Illustrator, Procreate",,,,,,,,,,,,,,,,,,,,,,,,,
,,Attributes,"Branding, Graphic Design",,,,,,,,,,,,,,,,,,,,,,,,,
,,Subtitle,,,,,,,,,,,,,,,,,,,,,,,,,,
,,Cover Image,cover.png,,,,,,,,,,,,,,,,,,,,,,,,,
,,Project Link,,,,,,,,,,,,,,,,,,,,,,,,,,
,,Web Content,1,Block title,Prompt,,,,,,,,,,,,,,,,,,,,,,,
,,,,Images,,,,,,,,,,,,,,,,,,,,,,,,
,,,,Paragraph,The posters for Hitchcock’s films are iconic—designed by the world’s most famous and talented graphic designers. We had to design a series of two posters announcing this event—which commemorates the posters designed for Hitchcock’s films. Our posters could highlight any or all of his films.,,,,,,,,,,,,,,,,,,,,,,,
,,,2,Block title,Research ,,,,,,,,,,,,,,,,,,,,,,,
,,,,Images,"1.jpeg, 2.jpeg, 3.jpeg, 4.jpeg, 5.jpeg, 6.jpeg, 7.jpeg, 8.jpeg, ",,,,,,,,,,,,,,,,,,,,,,,
,,,,Paragraph,,,,,,,,,,,,,,,,,,,,,,,,
,,,3,Block title,Iterations,,,,,,,,,,,,,,,,,,,,,,,
,,,,Images,"9.png, 10.jpg, 11.jpg",,,,,,,,,,,,,,,,,,,,,,,
,,,,Paragraph,Below are the first four iterations of the posters. Each took different elements from the movies and posters.,,,,,,,,,,,,,,,,,,,,,,,
,,,4,Block title,Final Posters,,,,,,,,,,,,,,,,,,,,,,,
,,,,Images,"12.png, 13.png",,,,,,,,,,,,,,,,,,,,,,,
,,,,Paragraph,,,,,,,,,,,,,,,,,,,,,,,,
,11,Name,Pixel Offset Algorithm,,,,,,,,,,,,,,,,,,,,,,,,,
,,Date,2024-04-01,,,,,,,,,,,,,,,,,,,,,,,,,
,,Class,Communication Design Studio: Javascript,,,,,,,,,,,,,,,,,,,,,,,,,
,,Year,Senior Year,,,,,,,,,,,,,,,,,,,,,,,,,
,,Skills/tools,"p5.js, JavaScript, Photoshop, HTML, CSS",,,,,,,,,,,,,,,,,,,,,,,,,
,,Attributes,"Creative Code, Web, Interactive",,,,,,,,,,,,,,,,,,,,,,,,,
,,Subtitle,,,,,,,,,,,,,,,,,,,,,,,,,,
,,Cover Image,cover.png,,,,,,,,,,,,,,,,,,,,,,,,,
,,Project Link,https://anabombin.github.io/JS-S24/project-2/index.html,,,,,,,,,,,,,,,,,,,,,,,,,
,,Web Content,1,Block title,Prompt,,,,,,,,,,,,,,,,,,,,,,,
,,,,Images,,,,,,,,,,,,,,,,,,,,,,,,
,,,,Paragraph,"One way to think about tools is through the lens of inputs and outputs. A tool is a mediator between human input and physical, visual, or conceptual output, and will have a significant impact on what type of output is created. A hammer for instance, takes human energy as input and amplifies force to achieve desired results. Hammers allow us to bang nails into walls.",,,,,,,,,,,,,,,,,,,,,,,
,,,2,Block title,Objective,,,,,,,,,,,,,,,,,,,,,,,
,,,,Images,,,,,,,,,,,,,,,,,,,,,,,,
,,,,Paragraph,Through this tool I was hopping to challenge myself and explore a complex mathematical problem through an artistic lense. The tool uses p5.js library to imitate the offset algorithm by calculating distance from each pixel to an array of points.,,,,,,,,,,,,,,,,,,,,,,,
,,,3,Block title,Outcome,,,,,,,,,,,,,,,,,,,,,,,
,,,,Images,,,,,,,,,,,,,,,,,,,,,,,,
,,,,Paragraph,"Although not entirely complex, feel free to manipulate the pixels, colors and points on the screen by using the panel on the right. If you want to add more points, just click anywhere on the canvas. And don't forget to save your designs!",,,,,,,,,,,,,,,,,,,,,,,
,,,4,Block title,Final Posters,,,,,,,,,,,,,,,,,,,,,,,
,,,,Images,"1.jpg, 2.jpg, 3.jpg, 4.jpg, 5.jpg, 6.jpg",,,,,,,,,,,,,,,,,,,,,,,
,,,,Paragraph,,,,,,,,,,,,,,,,,,,,,,,,
,12,Name,Travel Posters,,,,,,,,,,,,,,,,,,,,,,,,,
,,Date,Ongoing,,,,,,,,,,,,,,,,,,,,,,,,,
,,Class,Personal Project,,,,,,,,,,,,,,,,,,,,,,,,,
,,Year,Sophomore Year,,,,,,,,,,,,,,,,,,,,,,,,,
,,Skills/tools,"Illustrator, Procreate",,,,,,,,,,,,,,,,,,,,,,,,,
,,Attributes,"Digital Art, Graphic Design",,,,,,,,,,,,,,,,,,,,,,,,,
,,Subtitle,,,,,,,,,,,,,,,,,,,,,,,,,,
,,Cover Image,cover.jpg,,,,,,,,,,,,,,,,,,,,,,,,,
,,Project Link,,,,,,,,,,,,,,,,,,,,,,,,,,
,,Web Content,1,Block title,Posters,,,,,,,,,,,,,,,,,,,,,,,
,,,,Images,"1.jpg, 2.jpg, 3.jpg, 4.jpg, 5.jpg, 6.jpg, 7.jpg, 8.jpg, 9.jpg, 10.jpg, 11.jpg, 12.jpg, 13.jpg, 14.jpg, 15.jpg, 16.jpg, 17.jpg, 18.jpg, 19.jpg",,,,,,,,,,,,,,,,,,,,,,,
,,,,Paragraph,,,,,,,,,,,,,,,,,,,,,,,,
,13,Name,Digital Patterns,,,,,,,,,,,,,,,,,,,,,,,,,
,,Date,2022-05-01,,,,,,,,,,,,,,,,,,,,,,,,,
,,Class,Personal Project,,,,,,,,,,,,,,,,,,,,,,,,,
,,Year,Sophomore Year,,,,,,,,,,,,,,,,,,,,,,,,,
,,Skills/tools,"Photoshop, InDesign, Illustrator, Procreate",,,,,,,,,,,,,,,,,,,,,,,,,
,,Attributes,"Digital Art, Graphic Design",,,,,,,,,,,,,,,,,,,,,,,,,
,,Subtitle,,,,,,,,,,,,,,,,,,,,,,,,,,
,,Cover Image,cover.jpg,,,,,,,,,,,,,,,,,,,,,,,,,
,,Project Link,,,,,,,,,,,,,,,,,,,,,,,,,,
,,Web Content,1,Block title,Patterns,,,,,,,,,,,,,,,,,,,,,,,
,,,,Images,"1.jpg, 2.jpg, 3.jpg, 4.jpg, 5.jpg, 6.jpg, 7.jpg, 8.jpg, 9.jpg, 10.jpg, 11.jpg, 12.jpg, 13.jpg, 14.jpg, 15.jpg, 16.jpg, 17.jpg, 18.jpg, 19.jpg, 20.jpg, 21.jpg, 22.jpg, 23.jpg, 24.jpg",,,,,,,,,,,,,,,,,,,,,,,
,,,,Paragraph,,,,,,,,,,,,,,,,,,,,,,,,
,14,Name,Study Space Inspired by Verner Panton,,,,,,,,,,,,,,,,,,,,,,,,,
,,Date,2021-12-01,,,,,,,,,,,,,,,,,,,,,,,,,
,,Class,History of Design,,,,,,,,,,,,,,,,,,,,,,,,,
,,Year,Sophomore Year,,,,,,,,,,,,,,,,,,,,,,,,,
,,Skills/tools,"Photoshop, Illustrator",,,,,,,,,,,,,,,,,,,,,,,,,
,,Attributes,"Product Design, Graphic Design, Canva",,,,,,,,,,,,,,,,,,,,,,,,,
,,Subtitle,,,,,,,,,,,,,,,,,,,,,,,,,,
,,Cover Image,cover.jpg,,,,,,,,,,,,,,,,,,,,,,,,,
,,Project Link,,,,,,,,,,,,,,,,,,,,,,,,,,
,,Web Content,1,Block title,Panton,,,,,,,,,,,,,,,,,,,,,,,
,,,,Images,,,,,,,,,,,,,,,,,,,,,,,,
,,,,Paragraph,"Verner Panton was and still is very well known for many of his designs, the Panton Chair, known to be the first chair made from molds and without any legs, just one piece. However, all his designs were just as groundbreaking, from single furniture pieces out of new materials, to whole spaces decorated entirely with colors and patterns. Panton, a Danish native, did not conform to Scandinavian traditional design made from wood, metal, and simplistic styles. He chose to make use of the new technologies av available to him like faster and simpler production systems while creating “simple, elegant and innovative” designs  (Engholm 2019).",,,,,,,,,,,,,,,,,,,,,,,
,,,2,Block title,The Pop Movement,,,,,,,,,,,,,,,,,,,,,,,
,,,,Images,,,,,,,,,,,,,,,,,,,,,,,,
,,,,Paragraph,"The pop movement which took place in the 1960s to 1970s is much closer to his style: colorful, organic designs that adapt to body shape, inspired by freedom and the effects of hallucinatory drugs. When walking into one of Panton’s spaces, it is precisely that. Smooth, simple, organic shapes made from colorful and innovative materials – plastics, textiles, etc. – all put together in an excessive fashion that takes up whole spaces. A lot of the movement what based upon artists and designers experimenting with new possibilities and technologies (Divisare Journal 2016)",,,,,,,,,,,,,,,,,,,,,,,
,,,3,Block title,My Designs,,,,,,,,,,,,,,,,,,,,,,,
,,,,Images,,,,,,,,,,,,,,,,,,,,,,,,
,,,,Paragraph,"My design takes direct inspiration from his modular furniture spaces from shapes that adapt to your body, to their versatility. All in all, creating environments that are inviting for students to want to come back to campus and reimagining study spaces. Not conforming to the traditional desk and chair, but instead taking the idea of comfort from home and bringing it to campus so that students feel more drawn to come back. Differing from his designs: for studying, one requires much more natural light and airflow which is why they are much more open. Also, as we have become more aware of sustainability issues; using current technologies, sustainable materials, and stretch fabric that adapts to your body, would be some of the changes geared towards today’s society.",,,,,,,,,,,,,,,,,,,,,,,
,,,4,Block title,Presentation/Research,,,,,,,,,,,,,,,,,,,,,,,
,,,,Images,"1.jpg, 2.jpg, 3.jpg, 4.jpg, 5.jpg, 6.jpg",,,,,,,,,,,,,,,,,,,,,,,
,,,,Paragraph,,,,,,,,,,,,,,,,,,,,,,,,
,15,Name,Impossible Fashion Collection,,,,,,,,,,,,,,,,,,,,,,,,,
,,Date,2021-12-01,,,,,,,,,,,,,,,,,,,,,,,,,
,,Class,History of Design,,,,,,,,,,,,,,,,,,,,,,,,,
,,Year,Sophomore Year,,,,,,,,,,,,,,,,,,,,,,,,,
,,Skills/tools,"Photoshop, InDesign",,,,,,,,,,,,,,,,,,,,,,,,,
,,Attributes,"Data Visualization, Graphic Design",,,,,,,,,,,,,,,,,,,,,,,,,
,,Subtitle,,,,,,,,,,,,,,,,,,,,,,,,,,
,,Cover Image,cover.jpg,,,,,,,,,,,,,,,,,,,,,,,,,
,,Project Link,,,,,,,,,,,,,,,,,,,,,,,,,,
,,Web Content,1,Block title,Prompt,,,,,,,,,,,,,,,,,,,,,,,
,,,,Images,,,,,,,,,,,,,,,,,,,,,,,,
,,,,Paragraph,"This project was a particular assignment to be completed in pairs. The idea was to create a digital photo book in which time was present in some way. The final product is a ""impossible fashion collection"" comprised of four categories: dresses, necklaces, shoes and purses. The idea was to depict the evolution of the most prized and unique pieces of each category along with an explanation to its affect.",,,,,,,,,,,,,,,,,,,,,,,
,,,2,Block title,Video,,,,,,,,,,,,,,,,,,,,,,,
,,,,Images,video.mov,,,,,,,,,,,,,,,,,,,,,,,
,,,,Paragraph,,,,,,,,,,,,,,,,,,,,,,,,
,,,3,Block title,Prototype,,,,,,,,,,,,,,,,,,,,,,,
,,,,Images,"1.jpg, 2.jpg, 3.jpg, 4.jpg, 5.jpg, 6.jpg",,,,,,,,,,,,,,,,,,,,,,,
,,,,Paragraph,,,,,,,,,,,,,,,,,,,,,,,,
,16,Name,Print Ad Series,,,,,,,,,,,,,,,,,,,,,,,,,
,,Date,2021-05-01,,,,,,,,,,,,,,,,,,,,,,,,,
,,Class,Drawing & Imaging,,,,,,,,,,,,,,,,,,,,,,,,,
,,Year,Freshman Year,,,,,,,,,,,,,,,,,,,,,,,,,
,,Skills/tools,"Collage, Photoshop, Illustrator, Acrylic",,,,,,,,,,,,,,,,,,,,,,,,,
,,Attributes,"Digital Art, Graphic Design, Fine Art",,,,,,,,,,,,,,,,,,,,,,,,,
,,Subtitle,,,,,,,,,,,,,,,,,,,,,,,,,,
,,Cover Image,cover.jpg,,,,,,,,,,,,,,,,,,,,,,,,,
,,Project Link,,,,,,,,,,,,,,,,,,,,,,,,,,
,,Web Content,1,Block title,Prompt,,,,,,,,,,,,,,,,,,,,,,,
,,,,Images,"1.JPG, 2.jpg, 3.JPG, 4.jpg",,,,,,,,,,,,,,,,,,,,,,,
,,,,Paragraph,I wanted to showcase several different techniques through my work; and that is where I came up with the idea of having the media reflect the brand that it was advertising.,,,,,,,,,,,,,,,,,,,,,,,
,17,Name,Making 'The Head(s)',,,,,,,,,,,,,,,,,,,,,,,,,
,,Date,2021-05-01,,,,,,,,,,,,,,,,,,,,,,,,,
,,Class,Integrative Studio 2,,,,,,,,,,,,,,,,,,,,,,,,,
,,Year,Freshman Year,,,,,,,,,,,,,,,,,,,,,,,,,
,,Skills/tools,"Sculpting, Photoshop, InDesign, PremierPro",,,,,,,,,,,,,,,,,,,,,,,,,
,,Attributes,"Digital Art, Graphic Design, Fine Art",,,,,,,,,,,,,,,,,,,,,,,,,
,,Subtitle,,,,,,,,,,,,,,,,,,,,,,,,,,
,,Cover Image,cover.JPG,,,,,,,,,,,,,,,,,,,,,,,,,
,,Project Link,https://drive.google.com/drive/u/1/folders/1MSyN338tqAe0ASlaLqUtDG0WL8sYBz68,,,,,,,,,,,,,,,,,,,,,,,,,
,,Web Content,1,Block title,Prompt,,,,,,,,,,,,,,,,,,,,,,,
,,,,Images,,,,,,,,,,,,,,,,,,,,,,,,
,,,,Paragraph,"This is my end of year piece in which I explored the degradation of value of art as it is mass-produced. Through this process, every time another copy is made, its exclusivity and originality is slowly lost. Therefore, a lack of appreciation for these works begins to form.",,,,,,,,,,,,,,,,,,,,,,,
,,,2,Block title,Sculpture 1,,,,,,,,,,,,,,,,,,,,,,,
,,,,Images,"1.JPG, 2.gif",,,,,,,,,,,,,,,,,,,,,,,
,,,,Paragraph,,,,,,,,,,,,,,,,,,,,,,,,
,,,3,Block title,Sculpture 2,,,,,,,,,,,,,,,,,,,,,,,
,,,,Images,"3.JPG, 4.gif",,,,,,,,,,,,,,,,,,,,,,,
,,,,Paragraph,,,,,,,,,,,,,,,,,,,,,,,,
,,,4,Block title,Sculpture 3,,,,,,,,,,,,,,,,,,,,,,,
,,,,Images,"5.JPG, 6.gif",,,,,,,,,,,,,,,,,,,,,,,
,,,,Paragraph,,,,,,,,,,,,,,,,,,,,,,,,
,,,5,Block title,Sculpture 4,,,,,,,,,,,,,,,,,,,,,,,
,,,,Images,"7.JPG, 8.gif",,,,,,,,,,,,,,,,,,,,,,,
,,,,Paragraph,,,,,,,,,,,,,,,,,,,,,,,,
,,,6,Block title,Sculpture 5,,,,,,,,,,,,,,,,,,,,,,,
,,,,Images,"9.JPG, 10.gif",,,,,,,,,,,,,,,,,,,,,,,
,,,,Paragraph,,,,,,,,,,,,,,,,,,,,,,,,
,,,7,Block title,Sculpture 6,,,,,,,,,,,,,,,,,,,,,,,
,,,,Images,"11.JPG, 12.gif",,,,,,,,,,,,,,,,,,,,,,,
,,,,Paragraph,,,,,,,,,,,,,,,,,,,,,,,,
,,,8,Block title,Sculpture 7,,,,,,,,,,,,,,,,,,,,,,,
,,,,Images,"13.JPG, 14.gif",,,,,,,,,,,,,,,,,,,,,,,
,,,,Paragraph,,,,,,,,,,,,,,,,,,,,,,,,
,,,9,Block title,Sculpture 8,,,,,,,,,,,,,,,,,,,,,,,
,,,,Images,"15.JPG, 16.gif",,,,,,,,,,,,,,,,,,,,,,,
,,,,Paragraph,,,,,,,,,,,,,,,,,,,,,,,,
,,,10,Block title,Video,,,,,,,,,,,,,,,,,,,,,,,
,,,,Images,video.mp4,,,,,,,,,,,,,,,,,,,,,,,
,,,,Paragraph,,,,,,,,,,,,,,,,,,,,,,,,
,18,Name,Northeast,,,,,,,,,,,,,,,,,,,,,,,,,
,,Date,2023-07-01,,,,,,,,,,,,,,,,,,,,,,,,,
,,Class,Personal Project,,,,,,,,,,,,,,,,,,,,,,,,,
,,Year,Senior Year,,,,,,,,,,,,,,,,,,,,,,,,,
,,Skills/tools,"Photography, Photoshop",,,,,,,,,,,,,,,,,,,,,,,,,
,,Attributes,Photography,,,,,,,,,,,,,,,,,,,,,,,,,
,,Subtitle,,,,,,,,,,,,,,,,,,,,,,,,,,
,,Cover Image,7.jpg,,,,,,,,,,,,,,,,,,,,,,,,,
,,Project Link,,,,,,,,,,,,,,,,,,,,,,,,,,
,,Web Content,1,Block title,Boston,,,,,,,,,,,,,,,,,,,,,,,
,,,,Images,"1.jpg, 2.jpg",,,,,,,,,,,,,,,,,,,,,,,
,,,,Paragraph,,,,,,,,,,,,,,,,,,,,,,,,
,,,2,Block title,Newport,,,,,,,,,,,,,,,,,,,,,,,
,,,,Images,3.jpg,,,,,,,,,,,,,,,,,,,,,,,
,,,,Paragraph,,,,,,,,,,,,,,,,,,,,,,,,
,,,3,Block title,NYC,,,,,,,,,,,,,,,,,,,,,,,
,,,,Images,"4.jpg, 5.jpg, 6.jpg, 7.jpg",,,,,,,,,,,,,,,,,,,,,,,
,,,,Paragraph,,,,,,,,,,,,,,,,,,,,,,,,
,,,4,Block title,SouthHampton,,,,,,,,,,,,,,,,,,,,,,,
,,,,Images,9.jpg,,,,,,,,,,,,,,,,,,,,,,,
,,,,Paragraph,,,,,,,,,,,,,,,,,,,,,,,,
,19,Name,Tenerife,,,,,,,,,,,,,,,,,,,,,,,,,
,,Date,Summer 2023,,,,,,,,,,,,,,,,,,,,,,,,,
,,Class,Personal Project,,,,,,,,,,,,,,,,,,,,,,,,,
,,Year,Senior Year,,,,,,,,,,,,,,,,,,,,,,,,,
,,Skills/tools,"Photography, Photoshop",,,,,,,,,,,,,,,,,,,,,,,,,
,,Attributes,Photography,,,,,,,,,,,,,,,,,,,,,,,,,
,,Subtitle,,,,,,,,,,,,,,,,,,,,,,,,,,
,,Cover Image,7.jpg,,,,,,,,,,,,,,,,,,,,,,,,,
,,Project Link,,,,,,,,,,,,,,,,,,,,,,,,,,
,,Web Content,1,Block title,,,,,,,,,,,,,,,,,,,,,,,,
,,,,Images,"1.jpg, 2.jpg, 3.jpg, 4.jpg, 5.jpg, 6.jpg",,,,,,,,,,,,,,,,,,,,,,,
,,,,Paragraph,,,,,,,,,,,,,,,,,,,,,,,,
,20,Name,Thailand,,,,,,,,,,,,,,,,,,,,,,,,,
,,Date,Summer 2022,,,,,,,,,,,,,,,,,,,,,,,,,
,,Class,Personal Project,,,,,,,,,,,,,,,,,,,,,,,,,
,,Year,Junior Year,,,,,,,,,,,,,,,,,,,,,,,,,
,,Skills/tools,"Photography, Photoshop",,,,,,,,,,,,,,,,,,,,,,,,,
,,Attributes,Photography,,,,,,,,,,,,,,,,,,,,,,,,,
,,Subtitle,,,,,,,,,,,,,,,,,,,,,,,,,,
,,Cover Image,9.jpg,,,,,,,,,,,,,,,,,,,,,,,,,
,,Project Link,,,,,,,,,,,,,,,,,,,,,,,,,,
,,Web Content,1,Block title,Bangkok,,,,,,,,,,,,,,,,,,,,,,,
,,,,Images,"1.jpg, 2.jpg, 3.jpg, 4.jpg, 5.jpg",,,,,,,,,,,,,,,,,,,,,,,
,,,,Paragraph,,,,,,,,,,,,,,,,,,,,,,,,
,,,2,Block title,Chiang Mai,,,,,,,,,,,,,,,,,,,,,,,
,,,,Images,"6.jpg, 7.jpg",,,,,,,,,,,,,,,,,,,,,,,
,,,,Paragraph,,,,,,,,,,,,,,,,,,,,,,,,
,,,3,Block title,Khao Sok,,,,,,,,,,,,,,,,,,,,,,,
,,,,Images,"8.jpg, 10.jpg",,,,,,,,,,,,,,,,,,,,,,,
,,,,Paragraph,,,,,,,,,,,,,,,,,,,,,,,,
,,,4,Block title,Phuket,,,,,,,,,,,,,,,,,,,,,,,
,,,,Images,11.jpg,,,,,,,,,,,,,,,,,,,,,,,
,,,,Paragraph,,,,,,,,,,,,,,,,,,,,,,,,
,21,Name,Peru,,,,,,,,,,,,,,,,,,,,,,,,,
,,Date,2021-11-01,,,,,,,,,,,,,,,,,,,,,,,,,
,,Class,Personal Project,,,,,,,,,,,,,,,,,,,,,,,,,
,,Year,Sophomore Year,,,,,,,,,,,,,,,,,,,,,,,,,
,,Skills/tools,"Photography, Photoshop",,,,,,,,,,,,,,,,,,,,,,,,,
,,Attributes,Photography,,,,,,,,,,,,,,,,,,,,,,,,,
,,Subtitle,,,,,,,,,,,,,,,,,,,,,,,,,,
,,Cover Image,1.JPG,,,,,,,,,,,,,,,,,,,,,,,,,
,,Project Link,,,,,,,,,,,,,,,,,,,,,,,,,,
,,Web Content,1,Block title,Lima,,,,,,,,,,,,,,,,,,,,,,,
,,,,Images,"2.JPG, 3.JPG, 4.JPG",,,,,,,,,,,,,,,,,,,,,,,
,,,,Paragraph,,,,,,,,,,,,,,,,,,,,,,,,
,22,Name,Paris,,,,,,,,,,,,,,,,,,,,,,,,,
,,Date,Oct-20,,,,,,,,,,,,,,,,,,,,,,,,,
,,Class,Personal Project,,,,,,,,,,,,,,,,,,,,,,,,,
,,Year,Freshman Year,,,,,,,,,,,,,,,,,,,,,,,,,
,,Skills/tools,"Photography, Photoshop",,,,,,,,,,,,,,,,,,,,,,,,,
,,Attributes,Photography,,,,,,,,,,,,,,,,,,,,,,,,,
,,Subtitle,,,,,,,,,,,,,,,,,,,,,,,,,,
,,Cover Image,6.JPG,,,,,,,,,,,,,,,,,,,,,,,,,
,,Project Link,,,,,,,,,,,,,,,,,,,,,,,,,,
,,Web Content,1,Block title,Paris,,,,,,,,,,,,,,,,,,,,,,,
,,,,Images,"1.JPG, 2.JPG, 3.JPG, 4.JPG, 5.JPG, 7.JPG",,,,,,,,,,,,,,,,,,,,,,,
,,,,Paragraph,,,,,,,,,,,,,,,,,,,,,,,,
,23,Name,Amsterdam,,,,,,,,,,,,,,,,,,,,,,,,,
,,Date,Oct-19,,,,,,,,,,,,,,,,,,,,,,,,,
,,Class,Personal Project,,,,,,,,,,,,,,,,,,,,,,,,,
,,Year,Senior Year HS,,,,,,,,,,,,,,,,,,,,,,,,,
,,Skills/tools,"Photography, Photoshop",,,,,,,,,,,,,,,,,,,,,,,,,
,,Attributes,Photography,,,,,,,,,,,,,,,,,,,,,,,,,
,,Subtitle,,,,,,,,,,,,,,,,,,,,,,,,,,
,,Cover Image,7.jpg,,,,,,,,,,,,,,,,,,,,,,,,,
,,Project Link,,,,,,,,,,,,,,,,,,,,,,,,,,
,,Web Content,1,Block title,Amsterdam,,,,,,,,,,,,,,,,,,,,,,,
,,,,Images,"1.jpg, 2.jpg, 3.jpg, 4.jpg, 5.jpg, 6.jpg, 7.jpg, 8.jpg, 9.jpg",,,,,,,,,,,,,,,,,,,,,,,
,,,,Paragraph,,,,,,,,,,,,,,,,,,,,,,,,
,24,Name,Still Life & The Figure,,,,,,,,,,,,,,,,,,,,,,,,,
,,Date,Dec-20,,,,,,,,,,,,,,,,,,,,,,,,,
,,Class,Drawing & Imaging,,,,,,,,,,,,,,,,,,,,,,,,,
,,Year,Freshman Year,,,,,,,,,,,,,,,,,,,,,,,,,
,,Skills/tools,"Charcoal, Guache",,,,,,,,,,,,,,,,,,,,,,,,,
,,Attributes,Fine Art,,,,,,,,,,,,,,,,,,,,,,,,,
,,Subtitle,,,,,,,,,,,,,,,,,,,,,,,,,,
,,Cover Image,5.jpg,,,,,,,,,,,,,,,,,,,,,,,,,
,,Project Link,,,,,,,,,,,,,,,,,,,,,,,,,,
,,Web Content,1,Block title,Nature Morte,,,,,,,,,,,,,,,,,,,,,,,
,,,,Images,"1.jpg, 2.jpg, 3.jpg, 4.JPG, 5.jpg, 6.jpg",,,,,,,,,,,,,,,,,,,,,,,
,,,,Paragraph,,,,,,,,,,,,,,,,,,,,,,,,
,,,3,Block title,The Figure,,,,,,,,,,,,,,,,,,,,,,,
,,,,Images,"8.jpg, 9.jpg, 10.jpg, 7.jpg",,,,,,,,,,,,,,,,,,,,,,,
,,,,Paragraph,,,,,,,,,,,,,,,,,,,,,,,,
,25,Name,Mapping Travels,,,,,,,,,,,,,,,,,,,,,,,,,
,,Date,May-24,,,,,,,,,,,,,,,,,,,,,,,,,
,,Class,Communication Design Studio: Javascript,,,,,,,,,,,,,,,,,,,,,,,,,
,,Year,Senior Year,,,,,,,,,,,,,,,,,,,,,,,,,
,,Skills/tools,"p5.js, JavaScript, Photoshop, HTML, CSS, jQuery",,,,,,,,,,,,,,,,,,,,,,,,,
,,Attributes,"Creative Code, Web, Interactive",,,,,,,,,,,,,,,,,,,,,,,,,
,,Subtitle,,,,,,,,,,,,,,,,,,,,,,,,,,
,,Cover Image,cover.png,,,,,,,,,,,,,,,,,,,,,,,,,
,,Project Link,https://anabombin.github.io/JS-S24/project-3/index.html,,,,,,,,,,,,,,,,,,,,,,,,,
,,Web Content,1,Block title,Prompt,,,,,,,,,,,,,,,,,,,,,,,
,,,,Images,,,,,,,,,,,,,,,,,,,,,,,,
,,,,Paragraph,API's are the wheels of the web. They contain all the data we could ever imagine. With this project I wanted to visually depict the contrasting effects of travel through data.,,,,,,,,,,,,,,,,,,,,,,,
,,,2,Block title,Outcome,,,,,,,,,,,,,,,,,,,,,,,
,,,,Images,,,,,,,,,,,,,,,,,,,,,,,,
,,,,Paragraph,"On the one hand, there is a data visualization of organic shaped drops, uniquely placed as a response to the inputted destinations. It gives the user the ability to visually depict a year of travels and save their visualization. On the other hand, all of those travels also garner a humongous weight of CO2 emissions that we often don't consider when traveling.",,,,,,,,,,,,,,,,,,,,,,,
,,,3,Block title,Using,,,,,,,,,,,,,,,,,,,,,,,
,,,,Images,,,,,,,,,,,,,,,,,,,,,,,,
,,,,Paragraph,Type in the airport codes of all the airports you have visited throughout one year of travels. Make sure they are Capitalized! And what the visualization come to life.,,,,,,,,,,,,,,,,,,,,,,,
,,,,,,,,,,,,,,,,,,,,,,,,,,,,
,,,,,,,,,,,,,,,,,,,,,,,,,,,,
,,,,,,,,,,,,,,,,,,,,,,,,,,,,